field,year,count,perc
Agriculture and natural resources,1971,12672,0.015090564824407845
Architecture and related services,1971,5570,0.00663308444380932
"Area, ethnic, cultural, gender, and group studies",1971,2579,0.0030712252747907066
Biological and biomedical sciences,1971,35705,0.042519619401474286
Business,1971,115396,0.13742036130661045
"Communication, journalism, and related programs",1971,10324,0.012294427970895408
Communications technologies,1971,478,5.692305860216974e-4
Computer and information sciences,1971,2388,0.002843771212175342
Education,1971,176307,0.20995677181951342
Engineering,1971,45034,0.05362914270062996
Engineering technologies,1971,5148,0.0061305419599156875
English language and literature/letters,1971,63914,0.07611255998952045
Family and consumer sciences/human sciences,1971,11167,0.0132983220797161
"Foreign languages, literatures, and linguistics",1971,20988,0.024993747990425495
Health professions and related programs,1971,25223,0.03003703571386041
"Homeland security, law enforcement, and firefighting",1971,2045,0.002435306586640944
Legal professions and studies,1971,545,6.49018136782061e-4
"Liberal arts and sciences, general studies, and humanities",1971,7481,0.008908815928929536
Library science,1971,1013,0.0012063401331380325
Mathematics and statistics,1971,24801,0.029534493229966777
Military technologies and applied sciences,1971,357,4.251366510664142e-4
Multi/interdisciplinary studies,1971,6324,0.007530992104605051
"Parks, recreation, leisure, and fitness studies",1971,1621,0.0019303823848141664
Philosophy and religious studies,1971,8149,0.009704309718600026
Physical sciences and science technologies,1971,21410,0.025496290474319127
Precision production,1971,0,0
Psychology,1971,38187,0.04547533135650745
Public administration and social services,1971,5466,0.00650923511128577
Social sciences and history,1971,155324,0.1849689781239208
Theology and religious vocations,1971,3720,0.00442999535565003
Transportation and materials moving,1971,0,0
Visual and performing arts,1971,30394,0.03619496743000727
Not classified by field of study,1971,0,0
Agriculture and natural resources,1976,19402,0.020958232603759563
Architecture and related services,1976,9146,0.00987959980383388
"Area, ethnic, cultural, gender, and group studies",1976,3577,0.003863910835153487
Biological and biomedical sciences,1976,54154,0.05849768727059042
Business,1976,143171,0.15465473250762088
"Communication, journalism, and related programs",1976,20045,0.021652807573567696
Communications technologies,1976,1237,0.0013362196542032047
Computer and information sciences,1976,5652,0.006105346390910682
Education,1976,154437,0.16682437731299946
Engineering,1976,38733,0.041839770304165504
Engineering technologies,1976,7943,0.008580107286447902
English language and literature/letters,1976,41452,0.044776861039637225
Family and consumer sciences/human sciences,1976,17409,0.018805374260326267
"Foreign languages, literatures, and linguistics",1976,17068,0.018437022682247613
Health professions and related programs,1976,53885,0.058207110805771775
"Homeland security, law enforcement, and firefighting",1976,12507,0.013510185299207342
Legal professions and studies,1976,531,5.735914602925641e-4
"Liberal arts and sciences, general studies, and humanities",1976,18855,0.020367357784964773
Library science,1976,843,9.10616951085935e-4
Mathematics and statistics,1976,15984,0.01726607514372193
Military technologies and applied sciences,1976,952,0.001028359830882337
Multi/interdisciplinary studies,1976,13709,0.014808597606686931
"Parks, recreation, leisure, and fitness studies",1976,5182,0.005597647734907847
Philosophy and religious studies,1976,8447,0.009124533079267963
Physical sciences and science technologies,1976,21458,0.023179144171295366
Precision production,1976,0,0
Psychology,1976,50278,0.05431079367342662
Public administration and social services,1976,15440,0.016678440954646306
Social sciences and history,1976,126396,0.13653421132794524
Theology and religious vocations,1976,5490,0.005930352386075663
Transportation and materials moving,1976,225,2.4304722893752714e-4
Visual and performing arts,1976,42138,0.045517885035420085
Not classified by field of study,1976,0,0
Agriculture and natural resources,1981,21886,0.023403982291421606
Architecture and related services,1981,9455,0.010110785550826614
"Area, ethnic, cultural, gender, and group studies",1981,2887,0.003087238274482965
Biological and biomedical sciences,1981,43078,0.046065829715336744
Business,1981,200521,0.21442885557242766
"Communication, journalism, and related programs",1981,29428,0.03146908484291122
Communications technologies,1981,1854,0.0019825908420129604
Computer and information sciences,1981,15121,0.016169771371131594
Education,1981,108074,0.11556986119725389
Engineering,1981,63642,0.06805611993926043
Engineering technologies,1981,11713,0.012525397266719421
English language and literature/letters,1981,31922,0.034136065188100174
Family and consumer sciences/human sciences,1981,18370,0.019644117458348483
"Foreign languages, literatures, and linguistics",1981,11638,0.012445195371815985
Health professions and related programs,1981,63665,0.06808071518703082
"Homeland security, law enforcement, and firefighting",1981,13707,0.014657698312552132
Legal professions and studies,1981,776,8.29822272600894e-4
"Liberal arts and sciences, general studies, and humanities",1981,21643,0.02314412815193447
Library science,1981,375,4.010094745171846e-4
Mathematics and statistics,1981,11078,0.011846354556536988
Military technologies and applied sciences,1981,42,4.4913061145924677e-5
Multi/interdisciplinary studies,1981,12986,0.013886690762880424
"Parks, recreation, leisure, and fitness studies",1981,5729,0.006126355412023868
Philosophy and religious studies,1981,6776,0.007245973864875847
Physical sciences and science technologies,1981,23936,0.025596167418782213
Precision production,1981,0,0
Psychology,1981,41068,0.04391641893192463
Public administration and social services,1981,16707,0.017865774108689607
Social sciences and history,1981,100513,0.10748444083238873
Theology and religious vocations,1981,5808,0.006210834741322155
Transportation and materials moving,1981,263,2.8124131146138544e-4
Visual and performing arts,1981,40479,0.043286566717282975
Not classified by field of study,1981,0,0
Agriculture and natural resources,1986,16823,0.01703037892415949
Architecture and related services,1986,9119,0.009231410890412553
"Area, ethnic, cultural, gender, and group studies",1986,3021,0.0030582401908034133
Biological and biomedical sciences,1986,38395,0.03886829928033666
Business,1986,236700,0.23961782627049583
"Communication, journalism, and related programs",1986,41666,0.04217962124793612
Communications technologies,1986,1479,0.0014972317915254048
Computer and information sciences,1986,42337,0.0428588927368567
Education,1986,87147,0.0882212704097799
Engineering,1986,77391,0.07834500715209101
Engineering technologies,1986,19731,0.019974226151851092
English language and literature/letters,1986,34083,0.03450314479415847
Family and consumer sciences/human sciences,1986,13847,0.014017693453179365
"Foreign languages, literatures, and linguistics",1986,11550,0.011692378087977299
Health professions and related programs,1986,65309,0.06611407104309172
"Homeland security, law enforcement, and firefighting",1986,12704,0.012860603569667846
Legal professions and studies,1986,1223,0.0012380760520862544
"Liberal arts and sciences, general studies, and humanities",1986,21336,0.021599011158881704
Library science,1986,155,1.5691070161354817e-4
Mathematics and statistics,1986,16122,0.01632073762202338
Military technologies and applied sciences,1986,255,2.581434123319664e-4
Multi/interdisciplinary studies,1986,13754,0.013923547032211237
"Parks, recreation, leisure, and fitness studies",1986,4623,0.004679988216512472
Philosophy and religious studies,1986,6396,0.006474844177550026
Physical sciences and science technologies,1986,21711,0.02197863382407577
Precision production,1986,2,2.0246542143683636e-6
Psychology,1986,40628,0.04112882571067894
Public administration and social services,1986,11887,0.012033532323098369
Social sciences and history,1986,93840,0.09499677573816362
Theology and religious vocations,1986,5510,0.005577922360584841
Transportation and materials moving,1986,1838,0.001860657223004526
Visual and performing arts,1986,37241,0.037700073798646115
Not classified by field of study,1986,0,0
Agriculture and natural resources,1991,13124,0.01199044711101853
Architecture and related services,1991,9781,0.008936190429203919
"Area, ethnic, cultural, gender, and group studies",1991,4776,0.004363484867587968
Biological and biomedical sciences,1991,39482,0.03607184035638781
Business,1991,249165,0.22764399225974793
"Communication, journalism, and related programs",1991,51650,0.047188859591900875
Communications technologies,1991,1397,0.0012763375963191776
Computer and information sciences,1991,25159,0.022985953891048096
Education,1991,110807,0.10123632071248326
Engineering,1991,62448,0.0570542091731854
Engineering technologies,1991,17303,0.015808496370158003
English language and literature/letters,1991,51064,0.0466534738857856
Family and consumer sciences/human sciences,1991,13920,0.012717694588949858
"Foreign languages, literatures, and linguistics",1991,13937,0.01273322625619211
Health professions and related programs,1991,59875,0.05470344565469632
"Homeland security, law enforcement, and firefighting",1991,16806,0.015354423510193341
Legal professions and studies,1991,1827,0.0016691974147996689
"Liberal arts and sciences, general studies, and humanities",1991,30526,0.02788939260217553
Library science,1991,90,8.222647363545167e-5
Mathematics and statistics,1991,14393,0.013149840389278399
Military technologies and applied sciences,1991,183,1.671938297254184e-4
Multi/interdisciplinary studies,1991,17774,0.016238814915516868
"Parks, recreation, leisure, and fitness studies",1991,4315,0.003942302597077488
Philosophy and religious studies,1991,7423,0.006781856819955086
Physical sciences and science technologies,1991,16334,0.01492319133734964
Precision production,1991,2,1.8272549696767038e-6
Psychology,1991,58655,0.05358882012319353
Public administration and social services,1991,14350,0.01311055440743035
Social sciences and history,1991,125107,0.11430119374567169
Theology and religious vocations,1991,4799,0.0043844982997392505
Transportation and materials moving,1991,2622,0.0023955312652461586
Visual and performing arts,1991,42186,0.038542289075390715
Not classified by field of study,1991,13258,0.01211287319398687
Agriculture and natural resources,1996,21425,0.018393841990673013
Architecture and related services,1996,8352,0.00717037891743762
"Area, ethnic, cultural, gender, and group studies",1996,5633,0.0048360565663225705
Biological and biomedical sciences,1996,61014,0.05238188449096491
Business,1996,226623,0.19456091731399255
"Communication, journalism, and related programs",1996,47320,0.04062527901977349
Communications technologies,1996,853,7.323195901070749e-4
Computer and information sciences,1996,24506,0.02103894944333409
Education,1996,105384,0.09047452248985227
Engineering,1996,62168,0.05337261931744037
Engineering technologies,1996,15829,0.013589550752409014
English language and literature/letters,1996,49928,0.04286430538671282
Family and consumer sciences/human sciences,1996,14353,0.012322371719585987
"Foreign languages, literatures, and linguistics",1996,14832,0.012733603939587498
Health professions and related programs,1996,86087,0.07390761612373711
"Homeland security, law enforcement, and firefighting",1996,24810,0.021299940246842355
Legal professions and studies,1996,2123,0.001822643012658054
"Liberal arts and sciences, general studies, and humanities",1996,33997,0.029187185351547743
Library science,1996,58,4.979429803776125e-5
Mathematics and statistics,1996,12713,0.010914395016449288
Military technologies and applied sciences,1996,7,6.009656659729806e-6
Multi/interdisciplinary studies,1996,26885,0.023081374185262262
"Parks, recreation, leisure, and fitness studies",1996,12974,0.011138469357619214
Philosophy and religious studies,1996,7541,0.006474117267288923
Physical sciences and science technologies,1996,19716,0.01692662724331898
Precision production,1996,12,1.030226855953681e-5
Psychology,1996,73416,0.0630292790472462
Public administration and social services,1996,19849,0.017040810719853847
Social sciences and history,1996,126479,0.10858505209513801
Theology and religious vocations,1996,5292,0.004543300434755733
Transportation and materials moving,1996,3561,0.003057198195042548
Visual and performing arts,1996,49296,0.042321719242577216
Not classified by field of study,1996,1756,0.0015075652992122199
Agriculture and natural resources,2001,23370,0.018783591644556896
Architecture and related services,2001,8480,0.00681578336096887
"Area, ethnic, cultural, gender, and group studies",2001,6160,0.004951087913156632
Biological and biomedical sciences,2001,60576,0.04868784114080781
Business,2001,263515,0.2117996641940698
"Communication, journalism, and related programs",2001,58013,0.046627834919798
Communications technologies,2001,1178,9.468151885874209e-4
Computer and information sciences,2001,44142,0.03547904588677923
Education,2001,105458,0.084761660575596115
Engineering,2001,58209,0.04678536953521662
Engineering technologies,2001,14660,0.011782946234882505
English language and literature/letters,2001,50569,0.04064473452604184
Family and consumer sciences/human sciences,2001,16421,0.013198346529536534
"Foreign languages, literatures, and linguistics",2001,16128,0.012962848354446454
Health professions and related programs,2001,75933,0.061030999758071844
"Homeland security, law enforcement, and firefighting",2001,25211,0.020263291782238936
Legal professions and studies,2001,1991,0.0016002623433595542
"Liberal arts and sciences, general studies, and humanities",2001,37962,0.030511883012865594
Library science,2001,52,4.1794897968205334e-5
Mathematics and statistics,2001,11171,0.008978669330823497
Military technologies and applied sciences,2001,21,1.6878708794852153e-5
Multi/interdisciplinary studies,2001,26478,0.021281640546195017
"Parks, recreation, leisure, and fitness studies",2001,17948,0.014425669783333641
Philosophy and religious studies,2001,8717,0.007006271645939344
Physical sciences and science technologies,2001,18025,0.014487558382248099
Precision production,2001,31,2.491618917335318e-5
Psychology,2001,73645,0.059192024247470804
Public administration and social services,2001,19447,0.015630488092070946
Social sciences and history,2001,128036,0.10290868377417574
Theology and religious vocations,2001,6945,0.005582030122868962
Transportation and materials moving,2001,3748,0.0030124476458621846
Visual and performing arts,2001,61148,0.049147585018458076
Not classified by field of study,2001,783,6.293347136366303e-4
Agriculture and natural resources,2005,23002,0.015981779576227848
Architecture and related services,2005,9237,0.006417863574715966
"Area, ethnic, cultural, gender, and group studies",2005,7569,0.005258937901594148
Biological and biomedical sciences,2005,65915,0.04579771327567423
Business,2005,311574,0.21648147942281612
"Communication, journalism, and related programs",2005,72715,0.050522350312381885
Communications technologies,2005,2523,0.0017529793005313828
Computer and information sciences,2005,54111,0.03759629921960113
Education,2005,105451,0.07326730884674389
Engineering,2005,64707,0.044958395402094405
Engineering technologies,2005,14837,0.010308741134357561
English language and literature/letters,2005,54379,0.03778250550281255
Family and consumer sciences/human sciences,2005,20074,0.013947406452186673
"Foreign languages, literatures, and linguistics",2005,18386,0.012774584787780421
Health professions and related programs,2005,80685,0.05605990283922894
"Homeland security, law enforcement, and firefighting",2005,30723,0.021346327011583698
Legal professions and studies,2005,3161,0.002196261422504836
"Liberal arts and sciences, general studies, and humanities",2005,43751,0.03039817573426418
Library science,2005,76,5.280476688085021e-5
Mathematics and statistics,2005,14351,0.009971068546145807
Military technologies and applied sciences,2005,40,2.7791982568868532e-5
Multi/interdisciplinary studies,2005,28939,0.02010680458901216
"Parks, recreation, leisure, and fitness studies",2005,22888,0.015902572425906574
Philosophy and religious studies,2005,11584,0.008048558151944328
Physical sciences and science technologies,2005,19104,0.013273450874891611
Precision production,2005,64,4.446717211018965e-5
Psychology,2005,85614,0.05948456989127776
Public administration and social services,2005,21769,0.015125091713542477
Social sciences and history,2005,156892,0.10900849322987305
Theology and religious vocations,2005,9284,0.006450519154234387
Transportation and materials moving,2005,4904,0.003407297062943282
Visual and performing arts,2005,80955,0.056247498721568805
Not classified by field of study,2005,0,0
Agriculture and natural resources,2006,23053,0.015521376314432261
Architecture and related services,2006,9515,0.0064063634074447125
"Area, ethnic, cultural, gender, and group studies",2006,7879,0.005304859410116331
Biological and biomedical sciences,2006,70607,0.04753905424166567
Business,2006,318042,0.21413480092806425
"Communication, journalism, and related programs",2006,73955,0.04979323234866776
Communications technologies,2006,2981,0.002007080327650309
Computer and information sciences,2006,47480,0.0319678543967919
Education,2006,107238,0.07220237510116197
Engineering,2006,66841,0.04500344051676427
Engineering technologies,2006,14565,0.009806482714601392
English language and literature/letters,2006,55096,0.03709563828655532
Family and consumer sciences/human sciences,2006,20775,0.013987619525976238
"Foreign languages, literatures, and linguistics",2006,19410,0.013068577376616066
Health professions and related programs,2006,91973,0.061924588720222024
"Homeland security, law enforcement, and firefighting",2006,35319,0.023779963130587473
Legal professions and studies,2006,3302,0.0022232067232141293
"Liberal arts and sciences, general studies, and humanities",2006,44898,0.030229417158954566
Library science,2006,76,5.117011234532824e-5
Mathematics and statistics,2006,14770,0.009944507359743395
Military technologies and applied sciences,2006,33,2.221860141310305e-5
Multi/interdisciplinary studies,2006,30583,0.020591257182331228
"Parks, recreation, leisure, and fitness studies",2006,25490,0.017162186364242327
Philosophy and religious studies,2006,11985,0.008069392058667881
Physical sciences and science technologies,2006,20522,0.013817276915142448
Precision production,2006,55,3.703100235517175e-5
Psychology,2006,88134,0.059339824755831036
Public administration and social services,2006,21986,0.014802974868741929
Social sciences and history,2006,161485,0.10872638936954382
Theology and religious vocations,2006,8548,0.005755291056945602
Transportation and materials moving,2006,5349,0.0036014333017784306
Visual and performing arts,2006,83297,0.056083116421431656
Not classified by field of study,2006,0,0
Agriculture and natural resources,2007,23133,0.01517821758791464
Architecture and related services,2007,9717,0.006375599373266181
"Area, ethnic, cultural, gender, and group studies",2007,8194,0.005376315865446443
Biological and biomedical sciences,2007,76832,0.050411654939465596
Business,2007,327531,0.21490238122108113
"Communication, journalism, and related programs",2007,74783,0.049067247908918886
Communications technologies,2007,3637,0.0023863388824296697
Computer and information sciences,2007,42170,0.027668933371476263
Education,2007,105641,0.06931405715665459
Engineering,2007,66874,0.043877928628980406
Engineering technologies,2007,14980,0.009828802985646536
English language and literature/letters,2007,55122,0.036167108022350354
Family and consumer sciences/human sciences,2007,21400,0.014041147122352195
"Foreign languages, literatures, and linguistics",2007,20275,0.0133030027058734
Health professions and related programs,2007,101810,0.06680042937040546
"Homeland security, law enforcement, and firefighting",2007,39206,0.025724168882193463
Legal professions and studies,2007,3596,0.0023594376192513315
"Liberal arts and sciences, general studies, and humanities",2007,44255,0.029036961023350297
Library science,2007,82,5.380252635667663e-5
Mathematics and statistics,2007,14954,0.009811743648021247
Military technologies and applied sciences,2007,168,1.1022956619416675e-4
Multi/interdisciplinary studies,2007,32111,0.021068938095600526
"Parks, recreation, leisure, and fitness studies",2007,27430,0.017997601194678536
Philosophy and religious studies,2007,11969,0.007853200462964179
Physical sciences and science technologies,2007,21291,0.013969629130000025
Precision production,2007,23,1.5090952514677592e-5
Psychology,2007,90039,0.05907714232474155
Public administration and social services,2007,23147,0.015187403385097487
Social sciences and history,2007,164183,0.10772512420510048
Theology and religious vocations,2007,8696,0.005705692307288537
Transportation and materials moving,2007,5657,0.003711718190240484
Visual and performing arts,2007,85186,0.05589295134414458
Not classified by field of study,2007,0,0
Agriculture and natural resources,2008,24113,0.015426702212122433
Architecture and related services,2008,9805,0.006272915655035062
"Area, ethnic, cultural, gender, and group studies",2008,8454,0.005408590407717126
Biological and biomedical sciences,2008,79829,0.0510719616344512
Business,2008,335254,0.21448445334147118
"Communication, journalism, and related programs",2008,76382,0.0488666847080967
Communications technologies,2008,4666,0.002985152926710209
Computer and information sciences,2008,38476,0.024615675955444064
Education,2008,102582,0.06562858069605372
Engineering,2008,68431,0.04377989711266745
Engineering technologies,2008,15177,0.009709744099588694
English language and literature/letters,2008,55038,0.03521149738111369
Family and consumer sciences/human sciences,2008,21870,0.01399170478078703
"Foreign languages, literatures, and linguistics",2008,20977,0.01342039282974712
Health professions and related programs,2008,111478,0.07131994812768983
"Homeland security, law enforcement, and firefighting",2008,40235,0.025741026147917973
Legal professions and studies,2008,3771,0.002412561441625418
"Liberal arts and sciences, general studies, and humanities",2008,46940,0.030030664033385602
Library science,2008,68,4.3504157525995336e-5
Mathematics and statistics,2008,15192,0.009719340604925311
Military technologies and applied sciences,2008,39,2.4950913875203207e-5
Multi/interdisciplinary studies,2008,34174,0.02186339822490242
"Parks, recreation, leisure, and fitness studies",2008,29931,0.0191488667486848
Philosophy and religious studies,2008,12257,0.00784162439406066
Physical sciences and science technologies,2008,22179,0.01418939279072133
Precision production,2008,33,2.111231174055656e-5
Psychology,2008,92587,0.05923410930675485
Public administration and social services,2008,23493,0.015030046658208947
Social sciences and history,2008,167363,0.10707332817681113
Theology and religious vocations,2008,8992,0.0057527850657904415
Transportation and materials moving,2008,5203,0.0033287078177610843
Visual and performing arts,2008,87703,0.05610948716915248
Not classified by field of study,2008,377,2.4119216746029765e-4
Agriculture and natural resources,2009,24982,0.015600109654121178
Architecture and related services,2009,10119,0.006318849955570098
"Area, ethnic, cultural, gender, and group studies",2009,8772,0.005477710426945439
Biological and biomedical sciences,2009,82828,0.05172227533550352
Business,2009,348056,0.21734495900147308
"Communication, journalism, and related programs",2009,77984,0.04869742019321856
Communications technologies,2009,5100,0.0031847153645031628
Computer and information sciences,2009,37992,0.02372425610356944
Education,2009,101716,0.06351696235603994
Engineering,2009,68911,0.04303174911436813
Engineering technologies,2009,15493,0.009674665714166177
English language and literature/letters,2009,55465,0.034635340723954494
Family and consumer sciences/human sciences,2009,21906,0.013679289171530643
"Foreign languages, literatures, and linguistics",2009,21169,0.013219066578660284
Health professions and related programs,2009,120420,0.07519674984185702
"Homeland security, law enforcement, and firefighting",2009,41788,0.026094683461148658
Legal professions and studies,2009,3822,0.002386663161398252
"Liberal arts and sciences, general studies, and humanities",2009,47095,0.029408660802211068
Library science,2009,78,4.870741145710719e-5
Mathematics and statistics,2009,15507,0.009683408070068733
Military technologies and applied sciences,2009,55,3.434496961719097e-5
Multi/interdisciplinary studies,2009,35376,0.022090684457777232
"Parks, recreation, leisure, and fitness studies",2009,31683,0.019784575861481118
Philosophy and religious studies,2009,12448,0.007773203305359876
Physical sciences and science technologies,2009,22691,0.014169485556066914
Precision production,2009,29,1.8109165798155237e-5
Psychology,2009,94273,0.05886915128584444
Public administration and social services,2009,23852,0.014894476641986164
Social sciences and history,2009,168517,0.10523111354509401
Theology and religious vocations,2009,8940,0.005582618697776132
Transportation and materials moving,2009,5189,0.0032402917698837077
Visual and performing arts,2009,89143,0.05566570230155008
Not classified by field of study,2009,0,0
Agriculture and natural resources,2010,26343,0.015966238342609546
Architecture and related services,2010,10051,0.006091814204212449
"Area, ethnic, cultural, gender, and group studies",2010,8620,0.005224498899642952
Biological and biomedical sciences,2010,86391,0.05236075225511071
Business,2010,358119,0.217052473485062
"Communication, journalism, and related programs",2010,81280,0.049263024427259765
Communications technologies,2010,4782,0.002898324099546705
Computer and information sciences,2010,39593,0.023996935607141927
Education,2010,101287,0.061389074251523866
Engineering,2010,72657,0.04403670725653805
Engineering technologies,2010,16078,0.009744720801445405
English language and literature/letters,2010,53229,0.032261583750475026
Family and consumer sciences/human sciences,2010,21832,0.013232164730511012
"Foreign languages, literatures, and linguistics",2010,21507,0.013035185363645124
Health professions and related programs,2010,129623,0.078563250680791
"Homeland security, law enforcement, and firefighting",2010,43613,0.02643341885268307
Legal professions and studies,2010,3886,0.00235526713735644
"Liberal arts and sciences, general studies, and humanities",2010,46963,0.028463821557300692
Library science,2010,85,5.15176805649247e-5
Mathematics and statistics,2010,16029,0.009715022373825623
Military technologies and applied sciences,2010,56,3.3941060136891566e-5
Multi/interdisciplinary studies,2010,37717,0.022859910092556057
"Parks, recreation, leisure, and fitness studies",2010,33332,0.02020220386576553
Philosophy and religious studies,2010,12503,0.00757794776592063
Physical sciences and science technologies,2010,23381,0.014170998697511818
Precision production,2010,29,1.7576620428033133e-5
Psychology,2010,97215,0.058921074307284174
Public administration and social services,2010,25421,0.01540742303107001
Social sciences and history,2010,172782,0.10472150451022141
Theology and religious vocations,2010,8719,0.0052845018452421
Transportation and materials moving,2010,4998,0.0030292396172175726
Visual and performing arts,2010,91798,0.05563788282939951
Not classified by field of study,2010,0,0
Agriculture and natural resources,2011,28630,0.01668363389708826
Architecture and related services,2011,9831,0.005728844039199255
"Area, ethnic, cultural, gender, and group studies",2011,8955,0.005218370295089953
Biological and biomedical sciences,2011,89984,0.05243660889261579
Business,2011,365133,0.2127748968126276
"Communication, journalism, and related programs",2011,83231,0.04850141574881429
Communications technologies,2011,4858,0.002830914895985147
Computer and information sciences,2011,43066,0.02509596148836895
Education,2011,104008,0.06060885065904142
Engineering,2011,76356,0.04449512922969162
Engineering technologies,2011,16741,0.009755526198782906
English language and literature/letters,2011,52754,0.030741474767970452
Family and consumer sciences/human sciences,2011,22438,0.013075353733247167
"Foreign languages, literatures, and linguistics",2011,21705,0.012648210748735615
Health professions and related programs,2011,143463,0.08360056478442099
"Homeland security, law enforcement, and firefighting",2011,47600,0.027738071026943808
Legal professions and studies,2011,4429,0.0025809226171918933
"Liberal arts and sciences, general studies, and humanities",2011,46717,0.027223518154742308
Library science,2011,96,5.594232812156734e-5
Mathematics and statistics,2011,17182,0.010012511268591354
Military technologies and applied sciences,2011,64,3.729488541437823e-5
Multi/interdisciplinary studies,2011,42473,0.024750401065701352
"Parks, recreation, leisure, and fitness studies",2011,35934,0.020939912695004174
Philosophy and religious studies,2011,12830,0.0074764590604136354
Physical sciences and science technologies,2011,24705,0.014396408502534595
Precision production,2011,43,2.505750113778537e-5
Psychology,2011,100906,0.05880121418161327
Public administration and social services,2011,26799,0.015616650534686282
Social sciences and history,2011,177169,0.10324214928093713
Theology and religious vocations,2011,9073,0.005287132740072713
Transportation and materials moving,2011,4941,0.002879281700506919
Visual and performing arts,2011,93939,0.05474131626470744
Not classified by field of study,2011,0,0
Agriculture and natural resources,2012,30972,0.017281910183392916
Architecture and related services,2012,9727,0.005427519706633827
"Area, ethnic, cultural, gender, and group studies",2012,9228,0.005149085211557208
Biological and biomedical sciences,2012,95850,0.05348285842303407
Business,2012,367235,0.20491160681254997
"Communication, journalism, and related programs",2012,83771,0.04674295809030763
Communications technologies,2012,4983,0.0027804390560456833
Computer and information sciences,2012,47406,0.026451835017238946
Education,2012,105656,0.05895445894151369
Engineering,2012,81371,0.04540379418613151
Engineering technologies,2012,17283,0.009643654064948333
English language and literature/letters,2012,53765,0.03000006137834561
Family and consumer sciences/human sciences,2012,23441,0.013079725449080246
"Foreign languages, literatures, and linguistics",2012,21756,0.01213952079135659
Health professions and related programs,2012,163675,0.09132818834001148
"Homeland security, law enforcement, and firefighting",2012,54091,0.03018196447532953
Legal professions and studies,2012,4595,0.0025639408915372093
"Liberal arts and sciences, general studies, and humanities",2012,46961,0.02620353171000629
Library science,2012,95,5.300857120697169e-5
Mathematics and statistics,2012,18841,0.010512994632742668
Military technologies and applied sciences,2012,86,4.7986706566311215e-5
Multi/interdisciplinary studies,2012,45717,0.025509398419674995
"Parks, recreation, leisure, and fitness studies",2012,38998,0.021760297472941913
Philosophy and religious studies,2012,12645,0.007055719820127968
Physical sciences and science technologies,2012,26664,0.014878110975396769
Precision production,2012,37,2.064544352271529e-5
Psychology,2012,109099,0.06087560115904636
Public administration and social services,2012,29695,0.016569363389379203
Social sciences and history,2012,178534,0.09961928686174193
Theology and religious vocations,2012,9304,0.005191492068522785
Transportation and materials moving,2012,4876,0.002720734665317831
Visual and performing arts,2012,95806,0.05345830708479084
Not classified by field of study,2012,0,0
Agriculture and natural resources,2013,33592,0.018252742231092366
Architecture and related services,2013,9757,0.005301619610287218
"Area, ethnic, cultural, gender, and group studies",2013,8850,0.004808786876195744
Biological and biomedical sciences,2013,100397,0.0545522910745112
Business,2013,360887,0.1960936349592829
"Communication, journalism, and related programs",2013,84818,0.04608719607516052
Communications technologies,2013,4987,0.00270976498888002
Computer and information sciences,2013,50961,0.027690461920656648
Education,2013,104698,0.05688930715976746
Engineering,2013,85987,0.04672239063541734
Engineering technologies,2013,17010,0.009242651385772837
English language and literature/letters,2013,52401,0.02847290859881731
Family and consumer sciences/human sciences,2013,23930,0.013002742366933804
"Foreign languages, literatures, and linguistics",2013,21647,0.011762238362599918
Health professions and related programs,2013,181149,0.0984301620153653
"Homeland security, law enforcement, and firefighting",2013,60264,0.03274539348102377
Legal professions and studies,2013,4425,0.002404393438097872
"Liberal arts and sciences, general studies, and humanities",2013,46790,0.025424083382734337
Library science,2013,102,5.5423306369713664e-5
Mathematics and statistics,2013,20449,0.011111286195630144
Military technologies and applied sciences,2013,105,5.7053403615881715e-5
Multi/interdisciplinary studies,2013,47658,0.025895724852625625
"Parks, recreation, leisure, and fitness studies",2013,42628,0.02316259513655053
Philosophy and religious studies,2013,12792,0.006950734657660561
Physical sciences and science technologies,2013,28053,0.015243039348917426
Precision production,2013,36,1.9561166954016585e-5
Psychology,2013,114446,0.06218603647831617
Public administration and social services,2013,31950,0.01736053567168972
Social sciences and history,2013,177767,0.09659249905318518
Theology and religious vocations,2013,9385,0.0050994875517623795
Transportation and materials moving,2013,4661,0.0025326277547964254
Visual and performing arts,2013,97799,0.05314062685932967
Not classified by field of study,2013,0,0
Agriculture and natural resources,2014,35125,0.018781915889099804
Architecture and related services,2014,9149,0.0048921209528647435
"Area, ethnic, cultural, gender, and group studies",2014,8275,0.004424778761061947
Biological and biomedical sciences,2014,104657,0.05596182124428522
Business,2014,358132,0.19149907761409513
"Communication, journalism, and related programs",2014,87612,0.0468475790711975
Communications technologies,2014,4991,0.0026687698847686014
Computer and information sciences,2014,55271,0.029554313825094245
Education,2014,98838,0.052850306125177125
Engineering,2014,92169,0.049284282009464483
Engineering technologies,2014,16807,0.008986979654038446
English language and literature/letters,2014,50464,0.026983931770178864
Family and consumer sciences/human sciences,2014,24689,0.013201614843729113
"Foreign languages, literatures, and linguistics",2014,20332,0.010871855198780846
Health professions and related programs,2014,198777,0.1062893350800738
"Homeland security, law enforcement, and firefighting",2014,62416,0.033374862978905434
Legal professions and studies,2014,4513,0.002413175413736866
"Liberal arts and sciences, general studies, and humanities",2014,45281,0.024212496323824294
Library science,2014,127,6.790899125738577e-5
Mathematics and statistics,2014,20987,0.011222094484399647
Military technologies and applied sciences,2014,185,9.892254631981392e-5
Multi/interdisciplinary studies,2014,48392,0.025875999251396945
"Parks, recreation, leisure, and fitness studies",2014,46047,0.02462208913723498
Philosophy and religious studies,2014,11999,0.0064160628826564715
Physical sciences and science technologies,2014,29307,0.015670935486458305
Precision production,2014,37,1.9784509263962783e-5
Psychology,2014,117312,0.06272865812902709
Public administration and social services,2014,33483,0.01790391145095313
Social sciences and history,2014,173132,0.09257653129428121
Theology and religious vocations,2014,9642,0.005155736170895383
Transportation and materials moving,2014,4588,0.0024532791487313853
Visual and performing arts,2014,97414,0.05208886987674786
Not classified by field of study,2014,0,0
Agriculture and natural resources,2015,36277,0.019144202383829727
Architecture and related services,2015,9090,0.00479700084541203
"Area, ethnic, cultural, gender, and group studies",2015,7782,0.004106739337623368
Biological and biomedical sciences,2015,109896,0.05799463200301435
Business,2015,363799,0.1919850506666723
"Communication, journalism, and related programs",2015,90650,0.04783807773779984
Communications technologies,2015,5135,0.0027098569132223073
Computer and information sciences,2015,59581,0.031442256036357995
Education,2015,91623,0.048351552085719084
Engineering,2015,97858,0.05164190415075143
Engineering technologies,2015,17238,0.009096886751728556
English language and literature/letters,2015,45847,0.024194510204577045
Family and consumer sciences/human sciences,2015,24584,0.012973538920089038
"Foreign languages, literatures, and linguistics",2015,19493,0.010286901812939132
Health professions and related programs,2015,216228,0.11410845971416418
"Homeland security, law enforcement, and firefighting",2015,62723,0.03310036127907357
Legal professions and studies,2015,4420,0.002332535064545784
"Liberal arts and sciences, general studies, and humanities",2015,43647,0.02303351990095697
Library science,2015,99,5.22445636629033e-5
Mathematics and statistics,2015,21853,0.0115323277750043
Military technologies and applied sciences,2015,276,1.45651510817791e-4
Multi/interdisciplinary studies,2015,47556,0.02509638858134373
"Parks, recreation, leisure, and fitness studies",2015,49006,0.025861586736002414
Philosophy and religious studies,2015,11072,0.00584294756440066
Physical sciences and science technologies,2015,30038,0.015851739427336257
Precision production,2015,48,2.5330697533528872e-5
Psychology,2015,117557,0.06203751687393862
Public administration and social services,2015,34363,0.018134140819680265
Social sciences and history,2015,166944,0.08810016602161341
Theology and religious vocations,2015,9708,0.005123133576156214
Transportation and materials moving,2015,4711,0.0024861024183428023
Visual and performing arts,2015,95832,0.050572737625690395
Not classified by field of study,2015,0,0
